[
  {
    "id": "26c0aa8d-0dab-47bb-a895-a650dd5780a4",
    "data": [
      {
        "text": "mumbai",
        "meta": "@sys.geo-city",
        "alias": "from",
        "userDefined": false
      }
    ],
    "isTemplate": false,
    "count": 0,
    "lang": "en",
    "updated": 0
  },
  {
    "id": "80147191-a988-4182-9bef-56ec1f0e373f",
    "data": [
      {
        "text": "bangalore",
        "meta": "@sys.geo-city",
        "alias": "from",
        "userDefined": false
      }
    ],
    "isTemplate": false,
    "count": 0,
    "lang": "en",
    "updated": 0
  },
  {
    "id": "50c99f64-90da-43e2-a130-e75f9e7465fa",
    "data": [
      {
        "text": "Delhi",
        "meta": "@sys.geo-city",
        "alias": "from",
        "userDefined": false
      }
    ],
    "isTemplate": false,
    "count": 0,
    "lang": "en",
    "updated": 0
  }
]