[
  {
    "id": "5aaa86bd-db18-410b-81a7-f3fac3d7d6a4",
    "data": [
      {
        "text": "My name is ",
        "userDefined": false
      },
      {
        "text": "chaitanya",
        "meta": "@sys.person",
        "alias": "name",
        "userDefined": false
      }
    ],
    "isTemplate": false,
    "count": 0,
    "lang": "en",
    "updated": 0
  },
  {
    "id": "4c8dc8df-86ad-4694-988d-48588fee2b86",
    "data": [
      {
        "text": "chaitanya",
        "meta": "@sys.person",
        "alias": "name",
        "userDefined": false
      }
    ],
    "isTemplate": false,
    "count": 0,
    "lang": "en",
    "updated": 0
  },
  {
    "id": "ef09d440-f918-43ec-8732-4af6996deaf4",
    "data": [
      {
        "text": "sandesh",
        "meta": "@sys.person",
        "alias": "name",
        "userDefined": false
      }
    ],
    "isTemplate": false,
    "count": 0,
    "lang": "en",
    "updated": 0
  },
  {
    "id": "07b7733c-4241-4ab9-be3d-c054be44cf2e",
    "data": [
      {
        "text": "oliver",
        "meta": "@sys.person",
        "alias": "name",
        "userDefined": false
      }
    ],
    "isTemplate": false,
    "count": 0,
    "lang": "en",
    "updated": 0
  },
  {
    "id": "3f716992-9527-4a9e-b4f1-19efdaec7c17",
    "data": [
      {
        "text": "jon",
        "meta": "@sys.person",
        "alias": "name",
        "userDefined": false
      }
    ],
    "isTemplate": false,
    "count": 0,
    "lang": "en",
    "updated": 0
  },
  {
    "id": "97f36a20-38e8-48e8-8656-42d87d1cd454",
    "data": [
      {
        "text": "chataniya",
        "meta": "@sys.person",
        "alias": "name",
        "userDefined": false
      }
    ],
    "isTemplate": false,
    "count": 0,
    "lang": "en",
    "updated": 0
  },
  {
    "id": "e1609e67-20a2-4fd3-a0cc-e15e6da95b2c",
    "data": [
      {
        "text": "alice",
        "meta": "@sys.person",
        "alias": "name",
        "userDefined": false
      }
    ],
    "isTemplate": false,
    "count": 0,
    "lang": "en",
    "updated": 0
  },
  {
    "id": "688c9c55-f306-4e5f-89df-96b82b4e66cf",
    "data": [
      {
        "text": "ravi",
        "meta": "@sys.person",
        "alias": "name",
        "userDefined": false
      }
    ],
    "isTemplate": false,
    "count": 0,
    "lang": "en",
    "updated": 0
  }
]