[
  {
    "id": "4b2bccba-972e-4a8c-b340-847493ff8a7e",
    "data": [
      {
        "text": "mumbai",
        "meta": "@sys.geo-city",
        "alias": "to",
        "userDefined": false
      }
    ],
    "isTemplate": false,
    "count": 0,
    "lang": "en",
    "updated": 0
  },
  {
    "id": "ae6bdc60-d0b6-4735-ae4c-6f8626874607",
    "data": [
      {
        "text": "bangalore",
        "meta": "@sys.geo-city",
        "alias": "to",
        "userDefined": false
      }
    ],
    "isTemplate": false,
    "count": 0,
    "lang": "en",
    "updated": 0
  },
  {
    "id": "1dbff335-4a2e-444e-87a5-1332ce08842d",
    "data": [
      {
        "text": "Delhi",
        "meta": "@sys.geo-city",
        "alias": "to",
        "userDefined": false
      }
    ],
    "isTemplate": false,
    "count": 0,
    "lang": "en",
    "updated": 0
  }
]